,Fold_1,Fold_2,Fold_3,Fold_4,Fold_5
CAT Ordered Base,1.0477724923280751,1.0472894271170012,1.048041750606633,1.0460847613737598,1.0474520187409568
