,Fold_1,Fold_2,Fold_3,Fold_4,Fold_5
CAT Plain Base,1.0487697868203678,1.0481439607707566,1.0487131338513997,1.046949432229331,1.0482351287173692
