,Fold_1,Fold_2,Fold_3,Fold_4,Fold_5
LGBM GOSS Base2,1.0465075930351833,1.0460361166253882,1.0469239125496583,1.0444412550352182,1.0463396277440442
