,Fold_1,Fold_2,Fold_3,Fold_4,Fold_5
LGBM GOSS Tuned,1.0463806788678711,1.045777652377558,1.0465811786110704,1.0442654779298344,1.0460878907365552
