,Fold_1,Fold_2,Fold_3,Fold_4,Fold_5
LGBM GOSS Base,1.0467048196038558,1.045995509937604,1.0468733171011158,1.0444498967615092,1.0464178493968577
