,Fold_1,Fold_2,Fold_3,Fold_4,Fold_5
LGBM RF Base2,1.0545649467540847,1.0537822610174647,1.0541238310938081,1.052581658008895,1.054318399847462
