,Fold_1,Fold_2,Fold_3,Fold_4,Fold_5
LGBM DART Base,1.0482929720203522,1.0477688808753955,1.0488384362520802,1.0461930884880029,1.0479891116528794
