,Fold_1,Fold_2,Fold_3,Fold_4,Fold_5
LGBM GBDT Base2,1.0463735668067704,1.0457687242286604,1.0466170522070783,1.0441325039649003,1.0459842271566098
