,Fold_1,Fold_2,Fold_3,Fold_4,Fold_5
LGBM RF Base,1.0545743276569088,1.0537837136428527,1.0540521934558427,1.0525826233036173,1.0543178856250341
