,Fold_1,Fold_2,Fold_3,Fold_4,Fold_5
LGBM RF Tuned,1.04700762556332,1.0465233698126957,1.0470148668838155,1.0451246008326722,1.0468816113243098
