,Fold_1,Fold_2,Fold_3,Fold_4,Fold_5
LGBM GBDT Base,1.0463792354037862,1.0458055132955775,1.0466473906682658,1.0442111729008912,1.045917165209278
