,Fold_1,Fold_2,Fold_3,Fold_4,Fold_5
LGBM GBDT Tuned,1.0463204322636546,1.045665457539552,1.0465176152208147,1.0440267680848214,1.0459949548731495
