,Fold_1,Fold_2,Fold_3,Fold_4,Fold_5
XGB Linear Tuned,1.0926497178262478,1.0915290857510391,1.0915084366619012,1.0919372202281623,1.0931223272616393
