,Fold_1,Fold_2,Fold_3,Fold_4,Fold_5
XGB GBDT Base,1.0469992863275432,1.0461114440610348,1.0471152432996285,1.0452340735032741,1.0466784588548186
