,Fold_1,Fold_2,Fold_3,Fold_4,Fold_5
XGB Linear Base2,1.0923162917260791,1.0911559294387654,1.0911537114666598,1.0915787147027634,1.0927843189940531
