,Fold_1,Fold_2,Fold_3,Fold_4,Fold_5
XGB GBDT Base2,1.0470683492232384,1.0462489631613539,1.047140129784161,1.0450938721829788,1.0467107234709907
